ncessch,leanm,schnam,mcity,mstate,fte,gslo,gshi,level,titlei,magnet,chartr,frelch,redlch,totfrl,member,am,asian,hisp,black,white,pacific,tr,toteth
3.70003E+11,COMMUNITY CHARTER SCHOOL,COMMUNITY CHARTER SCHOOL,CHARLOTTE,NC,10.77999973,KG,05,1,1,2,1,32,48,80,150,0,1,4,88,51,0,6,150
3.70006E+11,KENNEDY CHARTER,KENNEDY CHARTER PUBLIC SCHOOL,CHARLOTTE,NC,29.70000076,KG,12,4,1,2,1,253,35,288,332,0,0,20,297,6,0,9,332
3.70006E+11,LAKE NORMAN CHARTER,LAKE NORMAN CHARTER,HUNTERSVILLE,NC,90.36000061,05,12,4,2,2,1,18,5,23,1590,7,56,55,169,1119,2,182,1590
3.70009E+11,SUGAR CREEK CHARTER,SUGAR CREEK CHARTER,CHARLOTTE,NC,48.56000137,KG,08,1,1,2,1,737,92,829,950,0,2,22,915,6,0,5,950
3.70011E+11,METROLINA REGIONAL SCHOLARS ACADEMY,METROLINA REG SCHOLARS ACADEMY,CHARLOTTE,NC,26.92000008,KG,08,1,2,2,1,5,6,11,369,0,138,16,17,188,0,10,369
3.70012E+11,CROSSROADS CHARTER HIGH,CROSSROADS CHARTER HIGH,CHARLOTTE,NC,14.35999966,09,12,3,1,2,1,180,1,181,202,0,0,4,196,1,0,1,202
3.70014E+11,COMMUNITY SCHOOL OF DAVIDSON,COMMUNITY SCHOOL OF DAVIDSON,DAVIDSON,NC,90.18000031,KG,12,4,2,2,1,16,32,48,1297,4,16,53,50,1126,0,48,1297
3.70014E+11,KIPP: CHARLOTTE,KIPP CHARLOTTE,CHARLOTTE,NC,27.70000076,05,08,2,1,2,1,188,59,247,359,1,0,14,294,45,0,5,359
3.70014E+11,CHARLOTTE SECONDARY SCHOOL,CHARLOTTE SECONDARY,CHARLOTTE,NC,23.01000023,06,10,4,1,2,1,49,9,58,330,0,3,33,119,158,0,17,330
3.70033E+11,CORVIAN COMMUNITY SCHOOL,CORVIAN COMMUNITY SCHOOL,CHARLOTTE,NC,24.30999947,KG,04,1,2,2,1,6,6,12,439,0,16,22,36,328,0,37,439
3.70033E+11,INVEST COLLEGIATE,INVEST COLLEGIATE,CHARLOTTE,NC,3,KG,06,1,2,2,1,0,0,0,99,0,21,0,60,18,0,0,99
3.70034E+11,CHARLOTTE CHOICE CHARTER,CHARLOTTE CHOICE CHARTER,CHARLOTTE,NC,12.43999958,KG,05,1,1,2,1,133,16,149,197,0,2,13,179,3,0,0,197
3.70035E+11,STUDENTFIRST ACADEMY,STUDENTFIRST ACADEMY CHARTER,CHARLOTTE,NC,,KG,08,1,1,2,1,64,16,80,338,0,4,13,306,4,0,11,338
3.70035E+11,ARISTOTLE PREPARATORY ACADEMY,ARISTOTLE PREPARATORY ACADEMY,CHARLOTTE,NC,8.359999657,KG,03,1,1,2,1,81,3,84,107,0,0,3,93,8,0,3,107
3.70036E+11,CHARLOTTE LEARNING ACADEMY,CHARLOTTE LEARNING ACADEMY,CHARLOTTE,NC,,,,,,,1,,,,,,,,,,,,
3.70036E+11,PIONEER SPRINGS COMMUNITY SCHOOL,PIONEER SPRINGS COMMUNITY SCHOOL,CORNELIUS,NC,,,,,,,1,,,,,,,,,,,,
3.70037E+11,ENTREPRENEUR HIGH SCHOOL,ENTREPRENEUR HIGH SCHOOL,CHARLOTTE,NC,,,,,,,1,,,,,,,,,,,,
3.70037E+11,UNITED COMMUNITY SCHOOL,UNITED COMMUNITY SCHOOL,CHARLOTTE,NC,,,,,,,1,,,,,,,,,,,,
3.70037E+11,INVEST COLLEGIATE (BUNCOMBE),INVEST COLLEGIATE (BUNCOMBE),CORNELIUS,NC,,,,,,,1,,,,,,,,,,,,
3.70037E+11,THUNDERBIRD PREPARATORY SCHOOL,THUNDERBIRD PREPARATORY,HUNTERSVILLE,NC,,,,,,,1,,,,,,,,,,,,
3.70037E+11,CONCRETE ROSES STEM ACADEMY,CONCRETE ROSES STEM ACADEMY,MINT HILL,NC,,,,,,,1,,,,,,,,,,,,
3.70037E+11,STEWART CREEK HIGH SCHOOL,STEWART CREEK HIGH,CHARLOTTE,NC,,,,,,,1,,,,,,,,,,,,
3.70038E+11,CAROLINA STEM ACADEMY,CAROLINA STEM ACADEMY,CHARLOTTE,NC,,,,,,,1,,,,,,,,,,,,
3.70038E+11,COMMONWEALTH HIGH SCHOOL,COMMONWEALTH HIGH,CHARLOTTE,NC,,,,,,,1,,,,,,,,,,,,
3.70297E+11,CHARLOTTE-MECKLENBURG SCHOOLS,LAKE WYLIE ELEMENTARY,CHARLOTTE,NC,40.88000107,PK,05,1,1,2,2,326,49,375,647,6,42,187,236,150,2,24,647
3.70297E+11,CHARLOTTE-MECKLENBURG SCHOOLS,SOUTH CHARLOTTE MIDDLE,CHARLOTTE,NC,43.20999908,06,08,2,2,2,2,105,39,144,881,1,87,64,102,600,1,26,881
3.70297E+11,CHARLOTTE-MECKLENBURG SCHOOLS,UNIVERSITY MEADOWS ELEMENTARY,CHARLOTTE,NC,45.91999817,PK,05,1,1,2,2,425,62,487,681,6,35,151,419,42,1,27,681
3.70297E+11,CHARLOTTE-MECKLENBURG SCHOOLS,IRWIN ACADEMIC CENTER,CHARLOTTE,NC,33.70999908,KG,05,1,2,1,2,123,25,148,570,4,59,20,335,136,0,16,570
3.70297E+11,CHARLOTTE-MECKLENBURG SCHOOLS,CROWN POINT ELEMENTARY,MATTHEWS,NC,41.72000122,PK,05,1,1,2,2,342,54,396,696,6,41,161,233,239,0,16,696
3.70297E+11,CHARLOTTE-MECKLENBURG SCHOOLS,DAVID COX ROAD ELEMENTARY,CHARLOTTE,NC,48.50999832,PK,05,1,1,2,2,432,90,522,796,9,23,87,584,77,2,14,796
3.70297E+11,CHARLOTTE-MECKLENBURG SCHOOLS,TURNING POINT ACADEMY,CHARLOTTE,NC,30.55999947,04,12,4,1,2,2,210,8,218,244,0,1,22,197,16,1,7,244
3.70297E+11,CHARLOTTE-MECKLENBURG SCHOOLS,SMITHFIELD ELEMENTARY,CHARLOTTE,NC,42.63999939,PK,05,1,1,2,2,265,39,304,664,0,24,175,118,326,2,19,664
3.70297E+11,CHARLOTTE-MECKLENBURG SCHOOLS,ALBEMARLE ROAD ELEMENTARY,CHARLOTTE,NC,78.73999786,PK,05,1,1,2,2,1058,59,1117,1214,3,99,665,380,52,1,14,1214
3.70297E+11,CHARLOTTE-MECKLENBURG SCHOOLS,ALBEMARLE ROAD MIDDLE,CHARLOTTE,NC,69.62000275,06,08,2,1,2,2,928,80,1008,1158,9,67,458,525,70,1,28,1158
3.70297E+11,CHARLOTTE-MECKLENBURG SCHOOLS,ALEXANDER GRAHAM MIDDLE,CHARLOTTE,NC,75.65000153,06,08,2,1,2,2,461,37,498,1448,5,37,133,401,843,0,29,1448
3.70297E+11,CHARLOTTE-MECKLENBURG SCHOOLS,J M ALEXANDER MIDDLE,HUNTERSVILLE,NC,44.97000122,06,08,2,1,2,2,297,75,372,877,4,31,87,433,301,0,21,877
3.70297E+11,CHARLOTTE-MECKLENBURG SCHOOLS,ALLENBROOK ELEMENTARY,CHARLOTTE,NC,29.84000015,KG,05,1,1,2,2,430,29,459,482,9,61,45,352,10,1,4,482
3.70297E+11,CHARLOTTE-MECKLENBURG SCHOOLS,ASHLEY PARK PREK-8 SCHOOL,CHARLOTTE,NC,40.47999954,PK,08,1,1,2,2,521,16,537,576,3,14,32,511,10,0,6,576
3.70297E+11,CHARLOTTE-MECKLENBURG SCHOOLS,BAIN ELEMENTARY,CHARLOTTE,NC,48.84000015,KG,05,1,2,2,2,155,50,205,903,3,39,78,105,651,0,27,903
3.70297E+11,CHARLOTTE-MECKLENBURG SCHOOLS,BARRINGER ACADEMIC CENTER,CHARLOTTE,NC,41.74000168,KG,05,1,1,2,2,318,20,338,614,4,111,29,351,103,1,15,614
3.70297E+11,CHARLOTTE-MECKLENBURG SCHOOLS,BERRYHILL SCHOOL,CHARLOTTE,NC,44.91999817,PK,08,1,1,2,2,530,46,576,641,6,28,361,108,116,1,21,641
3.70297E+11,CHARLOTTE-MECKLENBURG SCHOOLS,BEVERLY WOODS ELEMENTARY,CHARLOTTE,NC,44.22000122,PK,05,1,2,2,2,106,7,113,743,1,14,44,73,589,0,22,743
3.70297E+11,CHARLOTTE-MECKLENBURG SCHOOLS,BRIARWOOD ELEMENTARY,CHARLOTTE,NC,43.40000153,KG,05,1,1,2,2,606,26,632,685,6,17,244,382,26,0,10,685
3.70297E+11,CHARLOTTE-MECKLENBURG SCHOOLS,CARMEL MIDDLE,CHARLOTTE,NC,59.06999969,06,08,2,1,2,2,385,37,422,1033,3,19,195,227,572,0,17,1033
3.70297E+11,CHARLOTTE-MECKLENBURG SCHOOLS,BILLINGSVILLE ELEMENTARY,CHARLOTTE,NC,41.36999893,PK,05,1,1,2,2,501,13,514,553,3,49,125,343,24,0,9,553
3.70297E+11,CHARLOTTE-MECKLENBURG SCHOOLS,CLEAR CREEK ELEMENTARY,CHARLOTTE,NC,37,PK,05,1,1,2,2,316,56,372,660,6,14,136,219,256,0,29,660
3.70297E+11,CHARLOTTE-MECKLENBURG SCHOOLS,COCHRANE COLLEGIATE ACADEMY,CHARLOTTE,NC,63.18999863,06,11,4,1,2,2,816,39,855,986,2,18,376,562,7,3,18,986
3.70297E+11,CHARLOTTE-MECKLENBURG SCHOOLS,COLLINSWOOD LANGUAGE ACADEMY,CHARLOTTE,NC,46.59000015,KG,08,1,1,1,2,333,47,380,718,1,2,428,114,154,2,17,718
3.70297E+11,CHARLOTTE-MECKLENBURG SCHOOLS,CORNELIUS ELEMENTARY,CORNELIUS,NC,34.65999985,KG,05,1,2,2,2,158,15,173,584,2,22,85,63,394,0,18,584
3.70297E+11,CHARLOTTE-MECKLENBURG SCHOOLS,COTSWOLD ELEMENTARY,CHARLOTTE,NC,49.04999924,KG,05,1,1,2,2,265,35,300,813,1,24,69,231,472,1,15,813
3.70297E+11,CHARLOTTE-MECKLENBURG SCHOOLS,COULWOOD MIDDLE,CHARLOTTE,NC,45.29999924,06,08,2,1,2,2,526,67,593,725,3,22,106,501,69,0,24,725
3.70297E+11,CHARLOTTE-MECKLENBURG SCHOOLS,DAVIDSON ELEMENTARY,DAVIDSON,NC,44.38000107,KG,05,1,2,2,2,82,8,90,725,1,21,57,38,593,3,12,725
3.70297E+11,CHARLOTTE-MECKLENBURG SCHOOLS,DEVONSHIRE ELEMENTARY,CHARLOTTE,NC,37.75999832,KG,05,1,1,2,2,550,12,562,604,3,18,295,280,2,0,6,604
3.70297E+11,CHARLOTTE-MECKLENBURG SCHOOLS,FIRST WARD ARTS ELEMENTARY,CHARLOTTE,NC,38.38000107,KG,05,1,1,1,2,389,47,436,548,3,1,99,387,38,0,20,548
3.70297E+11,CHARLOTTE-MECKLENBURG SCHOOLS,REID PARK ACADEMY,CHARLOTTE,NC,55.95999908,PK,08,1,1,2,2,702,15,717,777,2,34,48,680,4,0,9,777
3.70297E+11,CHARLOTTE-MECKLENBURG SCHOOLS,DRUID HILLS ACADEMY,CHARLOTTE,NC,49.41999817,PK,08,1,1,2,2,581,14,595,610,0,21,33,546,4,0,6,610
3.70297E+11,CHARLOTTE-MECKLENBURG SCHOOLS,EAST MECKLENBURG HIGH,CHARLOTTE,NC,111.6900024,09,12,3,1,2,2,992,136,1128,1846,10,151,342,860,413,2,68,1846
3.70297E+11,CHARLOTTE-MECKLENBURG SCHOOLS,EASTOVER ELEMENTARY,CHARLOTTE,NC,29.04999924,PK,05,1,2,2,2,103,7,110,464,1,5,10,120,314,2,12,464
3.70297E+11,CHARLOTTE-MECKLENBURG SCHOOLS,EASTWAY MIDDLE,CHARLOTTE,NC,48.72000122,06,08,2,1,2,2,791,27,818,887,6,93,366,357,48,0,17,887
3.70297E+11,CHARLOTTE-MECKLENBURG SCHOOLS,ELIZABETH TRADITIONAL ELEMENTARY,CHARLOTTE,NC,32.95999908,KG,05,1,1,1,2,191,47,238,536,5,16,36,323,143,0,13,536
3.70297E+11,CHARLOTTE-MECKLENBURG SCHOOLS,HARDING UNIVERSITY HIGH,CHARLOTTE,NC,99.05000305,09,12,3,1,1,2,1243,99,1342,1671,8,52,421,1114,53,3,20,1671
3.70297E+11,CHARLOTTE-MECKLENBURG SCHOOLS,HICKORY GROVE ELEMENTARY,CHARLOTTE,NC,59.93000031,PK,05,1,1,2,2,805,64,869,1006,10,27,336,580,41,1,11,1006
3.70297E+11,CHARLOTTE-MECKLENBURG SCHOOLS,HIDDEN VALLEY ELEMENTARY,CHARLOTTE,NC,63.31000137,PK,05,1,1,2,2,875,24,899,946,3,13,432,467,14,8,9,946
3.70297E+11,CHARLOTTE-MECKLENBURG SCHOOLS,HIGHLAND RENAISSANCE ACADEMY,CHARLOTTE,NC,29.37000084,PK,05,1,1,2,2,426,29,455,502,7,8,173,289,15,6,4,502
3.70297E+11,CHARLOTTE-MECKLENBURG SCHOOLS,HUNTERSVILLE ELEMENTARY,HUNTERSVILLE,NC,44.91999817,KG,05,1,2,2,2,195,20,215,780,7,20,116,89,530,0,18,780
3.70297E+11,CHARLOTTE-MECKLENBURG SCHOOLS,HUNTINGTOWNE FARMS ELEMENTARY,CHARLOTTE,NC,57.97999954,KG,05,1,1,2,2,723,63,786,925,4,23,514,298,74,2,10,925
3.70297E+11,CHARLOTTE-MECKLENBURG SCHOOLS,IDLEWILD ELEMENTARY,CHARLOTTE,NC,55.16999817,PK,05,1,1,2,2,628,47,675,822,0,73,308,355,78,0,8,822
3.70297E+11,CHARLOTTE-MECKLENBURG SCHOOLS,INDEPENDENCE HIGH,CHARLOTTE,NC,125.3300018,09,12,3,1,2,2,1081,162,1243,2247,12,128,497,731,825,1,53,2247
3.70297E+11,CHARLOTTE-MECKLENBURG SCHOOLS,J H GUNN ELEMENTARY,CHARLOTTE,NC,43.45999908,KG,05,1,1,2,2,524,60,584,720,3,13,239,344,98,1,22,720
3.70297E+11,CHARLOTTE-MECKLENBURG SCHOOLS,KENNEDY MIDDLE,CHARLOTTE,NC,40.06000137,06,08,2,1,2,2,360,68,428,668,4,48,211,308,74,2,21,668
3.70297E+11,CHARLOTTE-MECKLENBURG SCHOOLS,LANSDOWNE ELEMENTARY,CHARLOTTE,NC,38.97000122,KG,05,1,1,2,2,269,40,309,637,2,25,95,243,254,0,18,637
3.70297E+11,CHARLOTTE-MECKLENBURG SCHOOLS,LONG CREEK ELEMENTARY,HUNTERSVILLE,NC,37.09999847,PK,05,1,1,2,2,225,40,265,500,1,27,55,260,143,0,14,500
3.70297E+11,CHARLOTTE-MECKLENBURG SCHOOLS,MATTHEWS ELEMENTARY,MATTHEWS,NC,52.5,PK,05,1,2,2,2,242,48,290,974,2,76,110,165,595,2,24,974
3.70297E+11,CHARLOTTE-MECKLENBURG SCHOOLS,MCCLINTOCK MIDDLE,CHARLOTTE,NC,49.66999817,06,08,2,1,2,2,584,45,629,770,3,46,159,459,83,0,20,770
3.70297E+11,CHARLOTTE-MECKLENBURG SCHOOLS,METRO SCHOOL,CHARLOTTE,NC,37.36000061,PK,12,4,1,2,2,168,15,183,244,1,6,40,126,65,0,6,244
3.70297E+11,CHARLOTTE-MECKLENBURG SCHOOLS,MONTCLAIRE ELEMENTARY,CHARLOTTE,NC,40.81999969,PK,05,1,1,2,2,561,21,582,625,1,15,462,112,30,0,5,625
3.70297E+11,CHARLOTTE-MECKLENBURG SCHOOLS,MYERS PARK HIGH,CHARLOTTE,NC,150.9299927,09,12,3,2,2,2,814,71,885,2775,7,136,247,711,1621,0,53,2775
3.70297E+11,CHARLOTTE-MECKLENBURG SCHOOLS,MYERS PARK TRADITIONAL,CHARLOTTE,NC,39.22999954,KG,05,1,2,1,2,211,25,236,734,7,39,25,295,357,0,11,734
3.70297E+11,CHARLOTTE-MECKLENBURG SCHOOLS,NATIONS FORD ELEMENTARY,CHARLOTTE,NC,44.68000031,PK,05,1,1,2,2,560,25,585,645,1,5,392,219,17,0,11,645
3.70297E+11,CHARLOTTE-MECKLENBURG SCHOOLS,NEWELL ELEMENTARY,CHARLOTTE,NC,46.38999939,KG,05,1,1,2,2,622,24,646,724,5,17,385,273,25,0,19,724
3.70297E+11,CHARLOTTE-MECKLENBURG SCHOOLS,NORTH MECKLENBURG HIGH,HUNTERSVILLE,NC,97.76999664,09,12,3,1,2,2,885,144,1029,1740,10,66,250,1025,341,2,46,1740
3.70297E+11,CHARLOTTE-MECKLENBURG SCHOOLS,NORTHEAST MIDDLE,CHARLOTTE,NC,42.86999893,06,08,2,1,2,2,449,75,524,771,5,11,213,305,202,2,33,771
3.70297E+11,CHARLOTTE-MECKLENBURG SCHOOLS,NORTHWEST SCHOOL OF THE ARTS,CHARLOTTE,NC,54.15000153,06,12,4,1,1,2,342,67,409,983,4,12,69,481,370,0,47,983
3.70297E+11,CHARLOTTE-MECKLENBURG SCHOOLS,OAKDALE ELEMENTARY,CHARLOTTE,NC,39.88999939,KG,05,1,1,2,2,535,41,576,690,3,18,106,515,32,1,15,690
3.70297E+11,CHARLOTTE-MECKLENBURG SCHOOLS,BRUNS ACADEMY,CHARLOTTE,NC,51.18000031,PK,08,1,1,2,2,736,15,751,809,1,11,68,716,6,1,6,809
3.70297E+11,CHARLOTTE-MECKLENBURG SCHOOLS,OLDE PROVIDENCE ELEMENTARY,CHARLOTTE,NC,38.18999863,KG,05,1,2,2,2,84,19,103,703,1,62,34,65,520,1,20,703
3.70297E+11,CHARLOTTE-MECKLENBURG SCHOOLS,PARK ROAD MONTESSORI,CHARLOTTE,NC,24.85000038,PK,06,1,2,1,2,38,16,54,500,3,36,35,84,322,0,20,500
3.70297E+11,CHARLOTTE-MECKLENBURG SCHOOLS,PAW CREEK ELEMENTARY,CHARLOTTE,NC,36.45999908,PK,05,1,1,2,2,396,34,430,544,7,17,173,291,50,0,6,544
3.70297E+11,CHARLOTTE-MECKLENBURG SCHOOLS,PIEDMONT IB MIDDLE,CHARLOTTE,NC,42.74000168,06,08,2,1,1,2,290,82,372,961,4,77,70,612,160,0,38,961
3.70297E+11,CHARLOTTE-MECKLENBURG SCHOOLS,PINEVILLE ELEMENTARY,PINEVILLE,NC,43.65999985,KG,05,1,1,2,2,396,50,446,771,2,39,224,179,310,1,16,771
3.70297E+11,CHARLOTTE-MECKLENBURG SCHOOLS,PINEWOOD ELEMENTARY,CHARLOTTE,NC,37.38000107,PK,05,1,1,2,2,420,27,447,564,3,28,254,196,79,2,2,564
3.70297E+11,CHARLOTTE-MECKLENBURG SCHOOLS,PINEY GROVE ELEMENTARY,CHARLOTTE,NC,53.84000015,PK,05,1,1,2,2,589,57,646,826,4,21,349,335,93,1,23,826
3.70297E+11,CHARLOTTE-MECKLENBURG SCHOOLS,QUAIL HOLLOW MIDDLE,CHARLOTTE,NC,52.31000137,06,08,2,1,2,2,580,76,656,954,4,25,296,332,262,0,35,954
3.70297E+11,CHARLOTTE-MECKLENBURG SCHOOLS,RAMA ROAD ELEMENTARY,CHARLOTTE,NC,40.68000031,PK,05,1,1,2,2,495,38,533,658,8,23,154,355,102,3,13,658
3.70297E+11,CHARLOTTE-MECKLENBURG SCHOOLS,RANDOLPH MIDDLE,CHARLOTTE,NC,62.99000168,06,08,2,1,1,2,457,65,522,1197,3,92,225,411,417,1,48,1197
3.70297E+11,CHARLOTTE-MECKLENBURG SCHOOLS,RANSON MIDDLE,CHARLOTTE,NC,54.88999939,06,08,2,1,2,2,857,90,947,1120,7,28,215,815,33,1,21,1120
3.70297E+11,CHARLOTTE-MECKLENBURG SCHOOLS,SEDGEFIELD ELEMENTARY,CHARLOTTE,NC,26.62000084,PK,05,1,1,2,2,371,9,380,405,0,4,99,284,17,0,1,405
3.70297E+11,CHARLOTTE-MECKLENBURG SCHOOLS,SEDGEFIELD MIDDLE,CHARLOTTE,NC,43.97000122,06,08,2,1,2,2,550,33,583,690,4,8,233,370,61,0,14,690
3.70297E+11,CHARLOTTE-MECKLENBURG SCHOOLS,SELWYN ELEMENTARY,CHARLOTTE,NC,47.34999847,KG,05,1,2,2,2,156,6,162,834,1,25,59,87,655,1,6,834
3.70297E+11,CHARLOTTE-MECKLENBURG SCHOOLS,SHAMROCK GARDENS ELEMENTARY,CHARLOTTE,NC,28.68000031,PK,05,1,1,2,2,320,21,341,436,0,10,92,240,82,0,12,436
3.70297E+11,CHARLOTTE-MECKLENBURG SCHOOLS,SHARON ELEMENTARY,CHARLOTTE,NC,46.06999969,KG,05,1,2,2,2,121,16,137,811,2,40,62,105,587,1,14,811
3.70297E+11,CHARLOTTE-MECKLENBURG SCHOOLS,WADDELL LANGUAGE ACADEMY,CHARLOTTE,NC,80.30000305,KG,08,1,2,1,2,361,52,413,1354,4,75,220,370,614,1,70,1354
3.70297E+11,CHARLOTTE-MECKLENBURG SCHOOLS,SOUTH MECKLENBURG HIGH,CHARLOTTE,NC,147.8699951,09,12,3,1,2,2,1064,181,1245,2744,7,83,696,779,1095,1,83,2744
3.70297E+11,CHARLOTTE-MECKLENBURG SCHOOLS,STATESVILLE ROAD ELEMENTARY,CHARLOTTE,NC,33,PK,05,1,1,2,2,423,28,451,517,3,9,56,420,14,1,14,517
3.70297E+11,CHARLOTTE-MECKLENBURG SCHOOLS,STEELE CREEK ELEMENTARY,CHARLOTTE,NC,45.81999969,KG,05,1,1,2,2,450,72,522,728,1,41,250,348,74,0,14,728
3.70297E+11,CHARLOTTE-MECKLENBURG SCHOOLS,STERLING ELEMENTARY,PINEVILLE,NC,38.27999878,PK,05,1,1,2,2,534,33,567,617,1,2,281,300,17,0,16,617
3.70297E+11,CHARLOTTE-MECKLENBURG SCHOOLS,THOMASBORO ACADEMY,CHARLOTTE,NC,48.63999939,PK,08,1,1,2,2,695,29,724,792,3,97,80,574,24,3,11,792
3.70297E+11,CHARLOTTE-MECKLENBURG SCHOOLS,TUCKASEEGEE ELEMENTARY,CHARLOTTE,NC,46.61000061,KG,05,1,1,2,2,588,64,652,783,1,68,238,413,46,1,16,783
3.70297E+11,CHARLOTTE-MECKLENBURG SCHOOLS,WEST CHARLOTTE HIGH,CHARLOTTE,NC,117.9400024,09,12,3,1,2,2,1359,96,1455,1698,10,101,89,1446,27,3,22,1698
3.70297E+11,CHARLOTTE-MECKLENBURG SCHOOLS,WEST MECKLENBURG HIGH,CHARLOTTE,NC,111.9400024,09,12,3,1,2,2,1308,162,1470,1931,12,108,340,1225,187,2,57,1931
3.70297E+11,CHARLOTTE-MECKLENBURG SCHOOLS,WESTERLY HILLS ACADEMY,CHARLOTTE,NC,39.79999924,PK,08,1,1,2,2,513,20,533,571,5,55,48,451,7,0,5,571
3.70297E+11,CHARLOTTE-MECKLENBURG SCHOOLS,WINDSOR PARK ELEMENTARY,CHARLOTTE,NC,59.95000076,PK,05,1,1,2,2,747,40,787,902,6,58,519,263,44,1,11,902
3.70297E+11,CHARLOTTE-MECKLENBURG SCHOOLS,WINTERFIELD ELEMENTARY,CHARLOTTE,NC,45.34000015,PK,05,1,1,2,2,610,28,638,679,1,43,368,238,25,0,4,679
3.70297E+11,CHARLOTTE-MECKLENBURG SCHOOLS,GREENWAY PARK ELEMENTARY,CHARLOTTE,NC,37.15999985,PK,05,1,1,2,2,395,40,435,579,7,4,173,274,90,2,29,579
3.70297E+11,CHARLOTTE-MECKLENBURG SCHOOLS,WINDING SPRINGS ELEMENTARY,CHARLOTTE,NC,53.24000168,PK,05,1,1,2,2,642,60,702,845,4,28,330,419,49,2,13,845
3.70297E+11,CHARLOTTE-MECKLENBURG SCHOOLS,ELIZABETH LANE ELEMENTARY,MATTHEWS,NC,52.79999924,KG,05,1,2,2,2,80,20,100,992,2,102,59,58,748,0,23,992
3.70297E+11,CHARLOTTE-MECKLENBURG SCHOOLS,NATHANIEL ALEXANDER ELEMENTARY,CHARLOTTE,NC,50.79999924,PK,05,1,1,2,2,617,59,676,875,5,59,163,604,31,0,13,875
3.70297E+11,CHARLOTTE-MECKLENBURG SCHOOLS,NORTHRIDGE MIDDLE,CHARLOTTE,NC,49.47999954,06,08,2,1,2,2,584,70,654,802,4,28,229,484,38,0,19,802
3.70297E+11,CHARLOTTE-MECKLENBURG SCHOOLS,UNIVERSITY PARK CREATIVE ARTS,CHARLOTTE,NC,28.30999947,KG,05,1,1,1,2,317,37,354,435,2,5,41,368,11,0,8,435
3.70297E+11,CHARLOTTE-MECKLENBURG SCHOOLS,MCALPINE ELEMENTARY,CHARLOTTE,NC,30.55999947,PK,05,1,2,2,2,99,27,126,520,2,35,44,78,345,0,16,520
3.70297E+11,CHARLOTTE-MECKLENBURG SCHOOLS,MERRY OAKS ELEMENTARY,CHARLOTTE,NC,54.40999985,PK,05,1,1,2,2,640,18,658,722,2,70,355,253,22,2,18,722
3.70297E+11,CHARLOTTE-MECKLENBURG SCHOOLS,LINCOLN HEIGHTS ACADEMY,CHARLOTTE,NC,18.10000038,KG,12,4,1,2,2,82,1,83,107,0,0,5,82,18,0,2,107
3.70297E+11,CHARLOTTE-MECKLENBURG SCHOOLS,REEDY CREEK ELEMENTARY,CHARLOTTE,NC,43.59999847,PK,05,1,1,2,2,465,67,532,745,1,19,195,421,88,0,21,745
3.70297E+11,CHARLOTTE-MECKLENBURG SCHOOLS,MALLARD CREEK ELEMENTARY,CHARLOTTE,NC,49.34999847,KG,05,1,1,2,2,332,67,399,864,9,139,90,467,123,1,35,864
3.70297E+11,CHARLOTTE-MECKLENBURG SCHOOLS,MCKEE ROAD ELEMENTARY,CHARLOTTE,NC,31.78000069,KG,05,1,2,2,2,65,13,78,497,3,56,44,48,337,1,8,497
3.70297E+11,CHARLOTTE-MECKLENBURG SCHOOLS,PROVIDENCE HIGH,CHARLOTTE,NC,97.94000244,09,12,3,2,2,2,158,42,200,1972,9,181,110,172,1438,2,60,1972
3.70297E+11,CHARLOTTE-MECKLENBURG SCHOOLS,HAWTHORNE HIGH,CHARLOTTE,NC,24.60000038,09,12,3,1,2,2,145,8,153,171,2,0,30,134,4,0,1,171
3.70297E+11,CHARLOTTE-MECKLENBURG SCHOOLS,LEBANON ROAD ELEMENTARY,CHARLOTTE,NC,55.20999908,PK,05,1,1,2,2,551,62,613,803,2,9,287,315,170,1,19,803
3.70297E+11,CHARLOTTE-MECKLENBURG SCHOOLS,HORNETS NEST ELEMENTARY,CHARLOTTE,NC,36.72999954,KG,05,1,1,2,2,418,40,458,582,4,27,128,379,25,1,18,582
3.70297E+11,CHARLOTTE-MECKLENBURG SCHOOLS,BUTLER HIGH,MATTHEWS,NC,111.7300034,09,12,3,1,2,2,742,159,901,2066,12,80,345,638,910,2,79,2066
3.70297E+11,CHARLOTTE-MECKLENBURG SCHOOLS,JAMES MARTIN MIDDLE,CHARLOTTE,NC,67.94999695,06,08,2,1,2,2,801,97,898,1145,6,46,246,762,59,0,26,1145
3.70297E+11,CHARLOTTE-MECKLENBURG SCHOOLS,VANCE HIGH,CHARLOTTE,NC,102.3099976,09,12,3,1,2,2,1209,112,1321,1672,10,57,435,1079,52,0,39,1672
3.70297E+11,CHARLOTTE-MECKLENBURG SCHOOLS,CRESTDALE MIDDLE,MATTHEWS,NC,43.58000183,06,08,2,2,2,2,172,28,200,847,4,49,75,127,556,2,34,847
3.70297E+11,CHARLOTTE-MECKLENBURG SCHOOLS,FRANCIS BRADLEY MIDDLE,HUNTERSVILLE,NC,61.84999847,06,08,2,2,2,2,304,58,362,1129,7,23,103,325,622,0,49,1129
3.70297E+11,CHARLOTTE-MECKLENBURG SCHOOLS,MOREHEAD STEM ACADEMY,CHARLOTTE,NC,63.54000092,KG,08,1,1,1,2,544,119,663,1146,10,81,167,763,94,1,30,1146
3.70297E+11,CHARLOTTE-MECKLENBURG SCHOOLS,BLYTHE ELEMENTARY,HUNTERSVILLE,NC,68.27999878,PK,05,1,1,2,2,465,45,510,1083,5,42,250,354,404,1,27,1083
3.70297E+11,CHARLOTTE-MECKLENBURG SCHOOLS,HAWK RIDGE ELEMENTARY,CHARLOTTE,NC,46.90999985,KG,05,1,2,2,2,80,28,108,890,0,126,68,78,607,0,11,890
3.70297E+11,CHARLOTTE-MECKLENBURG SCHOOLS,HOPEWELL HIGH,HUNTERSVILLE,NC,88.31999969,09,12,3,1,2,2,632,132,764,1663,13,38,196,797,578,0,41,1663
3.70297E+11,CHARLOTTE-MECKLENBURG SCHOOLS,HIGHLAND MILL MONTESSORI,CHARLOTTE,NC,16.76000023,PK,06,1,1,1,2,62,30,92,291,0,4,31,159,89,0,8,291
3.70297E+11,CHARLOTTE-MECKLENBURG SCHOOLS,JAY M ROBINSON MIDDLE,CHARLOTTE,NC,54.68000031,06,08,2,2,2,2,107,23,130,1103,0,157,72,91,757,1,25,1103
3.70297E+11,CHARLOTTE-MECKLENBURG SCHOOLS,MOUNTAIN ISLAND ELEMENTARY,CHARLOTTE,NC,37.59999847,PK,05,1,1,2,2,304,39,343,661,2,25,37,366,216,2,13,661
3.70297E+11,CHARLOTTE-MECKLENBURG SCHOOLS,PHILLIP O BERRY ACADEMY OF TECHNOLOGY,CHARLOTTE,NC,92.05000305,09,12,3,1,1,2,909,158,1067,1591,9,53,222,1226,52,0,29,1591
3.70297E+11,CHARLOTTE-MECKLENBURG SCHOOLS,PROVIDENCE SPRING ELEMENTARY,CHARLOTTE,NC,42.45999908,KG,05,1,2,2,2,32,3,35,837,1,121,22,44,634,1,14,837
3.70297E+11,CHARLOTTE-MECKLENBURG SCHOOLS,WALTER G BYERS SCHOOL,CHARLOTTE,NC,46.61000061,PK,08,1,1,2,2,455,8,463,496,9,7,17,460,0,1,2,496
3.70297E+11,CHARLOTTE-MECKLENBURG SCHOOLS,ENDHAVEN ELEMENTARY,CHARLOTTE,NC,41.79000092,PK,05,1,2,2,2,164,32,196,733,3,92,109,104,406,2,17,733
3.70297E+11,CHARLOTTE-MECKLENBURG SCHOOLS,JOSEPH W GRIER ACADEMY,CHARLOTTE,NC,48.11000061,PK,05,1,1,2,2,597,52,649,807,4,34,275,428,45,3,18,807
3.70297E+11,CHARLOTTE-MECKLENBURG SCHOOLS,MINT HILL MIDDLE,MATTHEWS,NC,62.38999939,06,08,2,1,2,2,457,89,546,1222,6,53,207,334,576,0,46,1222
3.70297E+11,CHARLOTTE-MECKLENBURG SCHOOLS,SOUTHWEST MIDDLE SCHOOL,CHARLOTTE,NC,76.23999786,06,08,2,1,2,2,661,133,794,1419,10,52,382,566,355,1,53,1419
3.70297E+11,CHARLOTTE-MECKLENBURG SCHOOLS,OAKLAWN LANGUAGE ACADEMY,CHARLOTTE,NC,37.70000076,KG,08,1,1,1,2,340,63,403,528,0,1,220,286,11,0,10,528
3.70297E+11,CHARLOTTE-MECKLENBURG SCHOOLS,CHANTILLY MONTESSORI,CHARLOTTE,NC,18.04999924,PK,06,1,2,1,2,37,20,57,302,0,8,27,67,193,0,7,302
3.70297E+11,CHARLOTTE-MECKLENBURG SCHOOLS,COMMUNITY HOUSE MIDDLE,CHARLOTTE,NC,75.98000336,06,08,2,2,2,2,192,52,244,1638,3,229,176,213,976,1,40,1638
3.70297E+11,CHARLOTTE-MECKLENBURG SCHOOLS,MARTIN LUTHER KING JR MIDDLE,CHARLOTTE,NC,64.19000244,06,08,2,1,2,2,918,46,964,1079,4,18,385,613,38,2,19,1079
3.70297E+11,CHARLOTTE-MECKLENBURG SCHOOLS,TORRENCE CREEK ELEMENTARY,HUNTERSVILLE,NC,31.14999962,KG,05,1,2,2,2,78,21,99,527,1,22,38,75,376,0,15,527
3.70297E+11,CHARLOTTE-MECKLENBURG SCHOOLS,MALLARD CREEK HIGH,CHARLOTTE,NC,117.7600021,09,12,3,1,2,2,825,193,1018,2286,12,118,186,1429,464,1,76,2286
3.70297E+11,CHARLOTTE-MECKLENBURG SCHOOLS,ELON PARK ELEMENTARY,CHARLOTTE,NC,56.75,KG,05,1,2,2,2,47,19,66,1128,1,278,64,90,670,3,22,1128
3.70297E+11,CHARLOTTE-MECKLENBURG SCHOOLS,OLYMPIC HIGH - INTL STUDY & GLOBAL ECON,CHARLOTTE,NC,26.34000015,09,12,3,1,2,2,225,32,257,403,3,31,141,184,35,1,8,403
3.70297E+11,CHARLOTTE-MECKLENBURG SCHOOLS,PERFORMANCE LEARNING CENTER,CHARLOTTE,NC,9.329999924,09,12,3,1,2,2,51,5,56,137,1,2,13,45,69,0,7,137
3.70297E+11,CHARLOTTE-MECKLENBURG SCHOOLS,OLYMPIC HIGH - RENAISSANCE SCHOOL,CHARLOTTE,NC,27.95999908,09,12,3,1,2,2,206,42,248,531,0,29,111,199,178,0,14,531
3.70297E+11,CHARLOTTE-MECKLENBURG SCHOOLS,WINGET PARK ELEMENTARY,CHARLOTTE,NC,53.22000122,KG,05,1,1,2,2,317,75,392,985,5,51,178,323,393,7,28,985
3.70297E+11,CHARLOTTE-MECKLENBURG SCHOOLS,BAILEY MIDDLE,CORNELIUS,NC,73.87999725,06,08,2,2,2,2,265,51,316,1572,5,32,128,152,1209,1,45,1572
3.70297E+11,CHARLOTTE-MECKLENBURG SCHOOLS,HIGHLAND CREEK ELEMENTARY,CHARLOTTE,NC,62.5,KG,05,1,2,2,2,229,53,282,1191,4,88,79,434,551,0,35,1191
3.70297E+11,CHARLOTTE-MECKLENBURG SCHOOLS,OLYMPIC HIGH-MATH ENG TECH SCIENCE,CHARLOTTE,NC,29.88999939,09,12,3,1,2,2,175,48,223,549,1,42,87,194,199,0,26,549
3.70297E+11,CHARLOTTE-MECKLENBURG SCHOOLS,J.V. WASHAM ELEMENTARY,CORNELIUS,NC,56.02000046,KG,05,1,2,2,2,154,45,199,1078,0,39,82,99,833,0,25,1078
3.70297E+11,CHARLOTTE-MECKLENBURG SCHOOLS,OLYMPIC HIGH -INTL BUS & COMM STUDIES,CHARLOTTE,NC,23,09,12,3,1,2,2,206,43,249,384,3,8,72,255,37,0,9,384
3.70297E+11,CHARLOTTE-MECKLENBURG SCHOOLS,OLYMPIC HIGH - BIOTECH HEALTH PUB ADMIN,CHARLOTTE,NC,28.26000023,09,12,3,1,2,2,221,52,273,497,2,35,109,265,73,1,12,497
3.70297E+11,CHARLOTTE-MECKLENBURG SCHOOLS,ARDREY KELL HIGH,CHARLOTTE,NC,123.6600037,09,12,3,2,2,2,217,72,289,2512,7,334,178,325,1605,0,63,2512
3.70297E+11,CHARLOTTE-MECKLENBURG SCHOOLS,CATO MIDDLE COLLEGE HIGH,CHARLOTTE,NC,6,11,12,3,2,2,2,53,19,72,205,0,15,18,104,65,0,3,205
3.70297E+11,CHARLOTTE-MECKLENBURG SCHOOLS,WHITEWATER ACADEMY,CHARLOTTE,NC,42.18000031,PK,05,1,1,2,2,527,59,586,699,3,42,131,434,83,0,6,699
3.70297E+11,CHARLOTTE-MECKLENBURG SCHOOLS,BARNETTE ELEMENTARY,HUNTERSVILLE,NC,36.20999908,KG,05,1,2,2,2,102,20,122,628,6,15,42,101,438,3,23,628
3.70297E+11,CHARLOTTE-MECKLENBURG SCHOOLS,BALLANTYNE ELEMENTARY,CHARLOTTE,NC,45.50999832,KG,05,1,2,2,2,106,21,127,847,3,135,83,139,467,1,19,847
3.70297E+11,CHARLOTTE-MECKLENBURG SCHOOLS,POLO RIDGE ELEMENTARY,CHARLOTTE,NC,53.56999969,KG,05,1,2,2,2,39,13,52,1023,4,227,55,62,653,0,22,1023
3.70297E+11,CHARLOTTE-MECKLENBURG SCHOOLS,CROFT COMMUNITY ELEMENTARY,CHARLOTTE,NC,37.52999878,KG,05,1,1,2,2,230,53,283,704,6,39,47,339,249,0,24,704
3.70297E+11,CHARLOTTE-MECKLENBURG SCHOOLS,MG DAVIS MILITARY & GLOBAL LEAD ACADEMY,CHARLOTTE,NC,53,KG,12,4,1,1,2,490,60,550,690,7,11,240,349,59,0,24,690
3.70297E+11,CHARLOTTE-MECKLENBURG SCHOOLS,BEREWICK ELEMENTARY,CHARLOTTE,NC,38.40000153,PK,05,1,1,2,2,325,64,389,709,3,64,164,326,140,2,10,709
3.70297E+11,CHARLOTTE-MECKLENBURG SCHOOLS,RIDGE ROAD MIDDLE,CHARLOTTE,NC,71.13999939,06,08,2,1,2,2,603,138,741,1449,1,60,147,900,287,1,53,1449
3.70297E+11,CHARLOTTE-MECKLENBURG SCHOOLS,RIVER GATE ELEMENTARY,CHARLOTTE,NC,44.29000092,KG,05,1,1,2,2,266,68,334,863,6,45,205,275,308,2,22,863
3.70297E+11,CHARLOTTE-MECKLENBURG SCHOOLS,RIVER OAKS ACADEMY,CHARLOTTE,NC,33.52999878,PK,05,1,1,2,2,391,65,456,625,5,21,61,444,75,2,17,625
3.70297E+11,CHARLOTTE-MECKLENBURG SCHOOLS,STONEY CREEK ELEMENTARY,CHARLOTTE,NC,51.5,KG,05,1,1,2,2,500,81,581,867,3,58,160,538,101,1,6,867
3.70297E+11,CHARLOTTE-MECKLENBURG SCHOOLS,WHITEWATER MIDDLE,CHARLOTTE,NC,49.27999878,06,08,2,1,2,2,728,59,787,927,10,70,187,551,79,0,30,927
3.70297E+11,CHARLOTTE-MECKLENBURG SCHOOLS,DILWORTH ELEMENTARY,CHARLOTTE,NC,32.63999939,KG,05,1,2,2,2,109,13,122,609,0,11,9,135,437,0,17,609
3.70297E+11,CHARLOTTE-MECKLENBURG SCHOOLS,ROCKY RIVER HIGH,MINT HILL,NC,95.41000366,09,12,3,1,2,2,981,169,1150,1692,10,64,342,1035,183,3,55,1692
3.70297E+11,CHARLOTTE-MECKLENBURG SCHOOLS,WILLIAM AMOS HOUGH HIGH,CORNELIUS,NC,109.6500015,09,12,3,2,2,2,323,81,404,2246,11,41,141,258,1750,1,44,2246
3.70297E+11,CHARLOTTE-MECKLENBURG SCHOOLS,GARINGER HIGH,CHARLOTTE,NC,90.08999634,09,12,3,1,2,2,1116,67,1183,1394,6,121,452,741,53,1,20,1394
3.70297E+11,CHARLOTTE-MECKLENBURG SCHOOLS,GRAND OAK ELEMENTARY,HUNTERSVILLE,NC,33.20000076,KG,05,1,2,2,2,35,5,40,596,3,29,19,22,510,3,10,596
3.70297E+11,CHARLOTTE-MECKLENBURG SCHOOLS,WINGET PARK RELIEF ELEMENTARY,CHARLOTTE,NC,,,,,,,2,,,,,,,,,,,,
3.70297E+11,CHARLOTTE-MECKLENBURG SCHOOLS,LONG CREEK MONTESSORI,HUNTERSVILLE,NC,,,,,,,2,,,,,,,,,,,,
3.70297E+11,CHARLOTTE-MECKLENBURG SCHOOLS,HARPER MIDDLE COLLEGE HIGH,CHARLOTTE,NC,,,,,,,2,,,,,,,,,,,,
3.70297E+11,CHARLOTTE-MECKLENBURG SCHOOLS,UNCC-EPIC,CHARLOTTE,NC,,,,,,,2,,,,,,,,,,,,
3.70297E+11,CHARLOTTE-MECKLENBURG SCHOOLS,LEVINE MIDDLE COLLEGE HIGH,MATTHEWS,NC,,,,,,,2,,,,,,,,,,,,